sample_id	species	status	mapping_flag	num_processed	num_mapped	percent_mapped	library_types	salmon_version	index_seq_hash	index_name_hash	expected_format	compatible_fragment_ratio	elapsed_seconds
SRR33083344	triticum_aestivum	pass	pass	49055624	41118689	83.82054012807991	IU	1.11.4	2ea49de8dd8846be899adcd6c9493f86e5a1f4f5e3de7075839406ee6f899609	794d7b6006a8d2f5ad55799f19d60212261855d232131f42c41fe86757db109a	IU	1.0	659
SRR33083345	triticum_aestivum	pass	pass	43412252	36713638	84.56976155026466	IU	1.11.4	2ea49de8dd8846be899adcd6c9493f86e5a1f4f5e3de7075839406ee6f899609	794d7b6006a8d2f5ad55799f19d60212261855d232131f42c41fe86757db109a	IU	1.0	510
SRR33083338	triticum_aestivum	pass	pass	42733163	36125442	84.53725271869064	IU	1.11.4	2ea49de8dd8846be899adcd6c9493f86e5a1f4f5e3de7075839406ee6f899609	794d7b6006a8d2f5ad55799f19d60212261855d232131f42c41fe86757db109a	IU	1.0	654
SRR33083351	triticum_aestivum	pass	pass	45366670	38396426	84.6357601296282	IU	1.11.4	2ea49de8dd8846be899adcd6c9493f86e5a1f4f5e3de7075839406ee6f899609	794d7b6006a8d2f5ad55799f19d60212261855d232131f42c41fe86757db109a	IU	1.0	620
SRR33083339	triticum_aestivum	pass	pass	41927758	35493084	84.65294996217064	IU	1.11.4	2ea49de8dd8846be899adcd6c9493f86e5a1f4f5e3de7075839406ee6f899609	794d7b6006a8d2f5ad55799f19d60212261855d232131f42c41fe86757db109a	IU	1.0	415
SRR33083340	triticum_aestivum	pass	pass	45423715	38420938	84.5834340057831	IU	1.11.4	2ea49de8dd8846be899adcd6c9493f86e5a1f4f5e3de7075839406ee6f899609	794d7b6006a8d2f5ad55799f19d60212261855d232131f42c41fe86757db109a	IU	1.0	607
SRR33083352	triticum_aestivum	pass	pass	47652963	40573391	85.14347995527581	IU	1.11.4	2ea49de8dd8846be899adcd6c9493f86e5a1f4f5e3de7075839406ee6f899609	794d7b6006a8d2f5ad55799f19d60212261855d232131f42c41fe86757db109a	IU	1.0	597
SRR33083346	triticum_aestivum	pass	pass	42014164	35574215	84.67195729516361	IU	1.11.4	2ea49de8dd8846be899adcd6c9493f86e5a1f4f5e3de7075839406ee6f899609	794d7b6006a8d2f5ad55799f19d60212261855d232131f42c41fe86757db109a	IU	1.0	480
SRR33083347	triticum_aestivum	pass	pass	44954757	37808107	84.1025722817276	IU	1.11.4	2ea49de8dd8846be899adcd6c9493f86e5a1f4f5e3de7075839406ee6f899609	794d7b6006a8d2f5ad55799f19d60212261855d232131f42c41fe86757db109a	IU	1.0	456
SRR33083355	triticum_aestivum	pass	pass	43926311	36601696	83.32522164221803	IU	1.11.4	2ea49de8dd8846be899adcd6c9493f86e5a1f4f5e3de7075839406ee6f899609	794d7b6006a8d2f5ad55799f19d60212261855d232131f42c41fe86757db109a	IU	1.0	443
SRR33083354	triticum_aestivum	pass	pass	43068225	35549379	82.5420109605167	IU	1.11.4	2ea49de8dd8846be899adcd6c9493f86e5a1f4f5e3de7075839406ee6f899609	794d7b6006a8d2f5ad55799f19d60212261855d232131f42c41fe86757db109a	IU	1.0	525
SRR33083353	triticum_aestivum	pass	pass	41755075	34272865	82.08071713438426	IU	1.11.4	2ea49de8dd8846be899adcd6c9493f86e5a1f4f5e3de7075839406ee6f899609	794d7b6006a8d2f5ad55799f19d60212261855d232131f42c41fe86757db109a	IU	1.0	548
SRR26553585	glycine_max	pass	pass	25228436	22102776	87.61056769432714	IU	1.11.4	e38ad5315ba3ab181de6740efa6c4e6ccd077e65183ddd356df4922ce29611ba	bae147217c4246b3ff795951886be76b635d3a4d9dc8e3a8a16c15a2c65a6101	IU	1.0	244
SRR26553586	glycine_max	pass	pass	25117334	22176784	88.29274635596278	IU	1.11.4	e38ad5315ba3ab181de6740efa6c4e6ccd077e65183ddd356df4922ce29611ba	bae147217c4246b3ff795951886be76b635d3a4d9dc8e3a8a16c15a2c65a6101	IU	1.0	249
SRR26553587	glycine_max	pass	pass	20736451	16754671	80.79816068815248	IU	1.11.4	e38ad5315ba3ab181de6740efa6c4e6ccd077e65183ddd356df4922ce29611ba	bae147217c4246b3ff795951886be76b635d3a4d9dc8e3a8a16c15a2c65a6101	IU	1.0	219
SRR26553588	glycine_max	pass	pass	22773978	20457288	89.8274688769788	IU	1.11.4	e38ad5315ba3ab181de6740efa6c4e6ccd077e65183ddd356df4922ce29611ba	bae147217c4246b3ff795951886be76b635d3a4d9dc8e3a8a16c15a2c65a6101	IU	1.0	240
SRR26553594	glycine_max	pass	pass	22424132	19219811	85.71039003873149	IU	1.11.4	e38ad5315ba3ab181de6740efa6c4e6ccd077e65183ddd356df4922ce29611ba	bae147217c4246b3ff795951886be76b635d3a4d9dc8e3a8a16c15a2c65a6101	IU	1.0	299
SRR26553593	glycine_max	pass	pass	23093253	20201547	87.4781348474379	IU	1.11.4	e38ad5315ba3ab181de6740efa6c4e6ccd077e65183ddd356df4922ce29611ba	bae147217c4246b3ff795951886be76b635d3a4d9dc8e3a8a16c15a2c65a6101	IU	1.0	302
SRR17385284	triticum_aestivum	pass	pass	45227886	38520174	85.16907909425613	IU	1.11.4	2ea49de8dd8846be899adcd6c9493f86e5a1f4f5e3de7075839406ee6f899609	794d7b6006a8d2f5ad55799f19d60212261855d232131f42c41fe86757db109a	IU	1.0	443
SRR17385295	triticum_aestivum	pass	pass	45958031	39494921	85.93693015264296	IU	1.11.4	2ea49de8dd8846be899adcd6c9493f86e5a1f4f5e3de7075839406ee6f899609	794d7b6006a8d2f5ad55799f19d60212261855d232131f42c41fe86757db109a	IU	1.0	490
SRR17385296	triticum_aestivum	pass	pass	50373673	43146220	85.6523208065451	IU	1.11.4	2ea49de8dd8846be899adcd6c9493f86e5a1f4f5e3de7075839406ee6f899609	794d7b6006a8d2f5ad55799f19d60212261855d232131f42c41fe86757db109a	IU	1.0	678
SRR17385300	triticum_aestivum	pass	pass	50256454	42943493	85.44871271657965	IU	1.11.4	2ea49de8dd8846be899adcd6c9493f86e5a1f4f5e3de7075839406ee6f899609	794d7b6006a8d2f5ad55799f19d60212261855d232131f42c41fe86757db109a	IU	1.0	690
SRR17385302	triticum_aestivum	pass	pass	49523252	41560987	83.92216851995099	IU	1.11.4	2ea49de8dd8846be899adcd6c9493f86e5a1f4f5e3de7075839406ee6f899609	794d7b6006a8d2f5ad55799f19d60212261855d232131f42c41fe86757db109a	IU	1.0	482
SRR17385301	triticum_aestivum	pass	pass	49185210	40518838	82.38012605821953	IU	1.11.4	2ea49de8dd8846be899adcd6c9493f86e5a1f4f5e3de7075839406ee6f899609	794d7b6006a8d2f5ad55799f19d60212261855d232131f42c41fe86757db109a	IU	1.0	486
SRR2545903	glycine_max	pass	pass	25371243	22648715	89.26923682848333	ISR	1.11.4	e38ad5315ba3ab181de6740efa6c4e6ccd077e65183ddd356df4922ce29611ba	bae147217c4246b3ff795951886be76b635d3a4d9dc8e3a8a16c15a2c65a6101	ISR	1.0	343
SRR2545902	glycine_max	pass	pass	27556027	24449416	88.72620134970836	ISR	1.11.4	e38ad5315ba3ab181de6740efa6c4e6ccd077e65183ddd356df4922ce29611ba	bae147217c4246b3ff795951886be76b635d3a4d9dc8e3a8a16c15a2c65a6101	ISR	1.0	276
SRR2545899	glycine_max	pass	pass	23870953	21368922	89.51851231075693	ISF	1.11.4	e38ad5315ba3ab181de6740efa6c4e6ccd077e65183ddd356df4922ce29611ba	bae147217c4246b3ff795951886be76b635d3a4d9dc8e3a8a16c15a2c65a6101	ISF	1.0	384
SRR2545898	glycine_max	pass	pass	26318128	23734718	90.18391429663994	ISR	1.11.4	e38ad5315ba3ab181de6740efa6c4e6ccd077e65183ddd356df4922ce29611ba	bae147217c4246b3ff795951886be76b635d3a4d9dc8e3a8a16c15a2c65a6101	ISR	1.0	264
SRR2545901	glycine_max	pass	pass	30687081	27115504	88.36130096570606	ISR	1.11.4	e38ad5315ba3ab181de6740efa6c4e6ccd077e65183ddd356df4922ce29611ba	bae147217c4246b3ff795951886be76b635d3a4d9dc8e3a8a16c15a2c65a6101	ISR	1.0	326
SRR2545900	glycine_max	pass	pass	27865454	24929243	89.46289911515527	ISR	1.11.4	e38ad5315ba3ab181de6740efa6c4e6ccd077e65183ddd356df4922ce29611ba	bae147217c4246b3ff795951886be76b635d3a4d9dc8e3a8a16c15a2c65a6101	ISR	1.0	360
SRR2545897	glycine_max	pass	pass	26247920	23267481	88.64504692181323	ISR	1.11.4	e38ad5315ba3ab181de6740efa6c4e6ccd077e65183ddd356df4922ce29611ba	bae147217c4246b3ff795951886be76b635d3a4d9dc8e3a8a16c15a2c65a6101	ISR	1.0	268
SRR2545896	glycine_max	pass	pass	26548767	23538572	88.66163916388284	ISR	1.11.4	e38ad5315ba3ab181de6740efa6c4e6ccd077e65183ddd356df4922ce29611ba	bae147217c4246b3ff795951886be76b635d3a4d9dc8e3a8a16c15a2c65a6101	ISR	1.0	344
SRR14935707	sorghum_bicolor	pass	pass	15449068	12718337	82.32429943346744	ISR	1.11.4	97c880db355099c981b25adbb3d6e93a420c2943b08438e1280eeb08dd5e7396	ee5308d26779839463a930e120696c19dda5b891f85ffd02d8eef9f382b12b78	ISR	1.0	127
SRR14935708	sorghum_bicolor	pass	pass	13967548	11494310	82.29296938875743	ISR	1.11.4	97c880db355099c981b25adbb3d6e93a420c2943b08438e1280eeb08dd5e7396	ee5308d26779839463a930e120696c19dda5b891f85ffd02d8eef9f382b12b78	ISR	1.0	107
SRR14935709	sorghum_bicolor	pass	pass	12288856	10326048	84.02774025507338	ISR	1.11.4	97c880db355099c981b25adbb3d6e93a420c2943b08438e1280eeb08dd5e7396	ee5308d26779839463a930e120696c19dda5b891f85ffd02d8eef9f382b12b78	ISR	1.0	149
SRR14935710	sorghum_bicolor	pass	pass	13606814	11125654	81.76531258529734	ISR	1.11.4	97c880db355099c981b25adbb3d6e93a420c2943b08438e1280eeb08dd5e7396	ee5308d26779839463a930e120696c19dda5b891f85ffd02d8eef9f382b12b78	ISR	1.0	102
SRR14935703	sorghum_bicolor	pass	pass	14423579	10436893	72.35993923560858	ISR	1.11.4	97c880db355099c981b25adbb3d6e93a420c2943b08438e1280eeb08dd5e7396	ee5308d26779839463a930e120696c19dda5b891f85ffd02d8eef9f382b12b78	ISR	1.0	106
SRR14935704	sorghum_bicolor	pass	pass	10321987	8730463	84.58122452585923	ISR	1.11.4	97c880db355099c981b25adbb3d6e93a420c2943b08438e1280eeb08dd5e7396	ee5308d26779839463a930e120696c19dda5b891f85ffd02d8eef9f382b12b78	ISR	1.0	85
SRR14935705	sorghum_bicolor	pass	pass	14171292	12188588	86.0090103287689	ISR	1.11.4	97c880db355099c981b25adbb3d6e93a420c2943b08438e1280eeb08dd5e7396	ee5308d26779839463a930e120696c19dda5b891f85ffd02d8eef9f382b12b78	ISR	1.0	162
SRR14935706	sorghum_bicolor	pass	pass	14165576	10489408	74.04858086956719	ISR	1.11.4	97c880db355099c981b25adbb3d6e93a420c2943b08438e1280eeb08dd5e7396	ee5308d26779839463a930e120696c19dda5b891f85ffd02d8eef9f382b12b78	ISR	1.0	125
SRR39669458	setaria_viridis	pass	pass	53554537	44427215	82.95695843659334	ISR	1.11.4	2e9d8f852d0493b4538da444ecbec23f0156f3723f3a4130a8b663eb7d269a93	5f887f7e5d46539ba197b1b59f1f8f7592ffb0347d89706e08becb7381cf95cf	ISR	1.0	381
SRR39669459	setaria_viridis	pass	pass	47191075	35635145	75.51246713494024	ISR	1.11.4	2e9d8f852d0493b4538da444ecbec23f0156f3723f3a4130a8b663eb7d269a93	5f887f7e5d46539ba197b1b59f1f8f7592ffb0347d89706e08becb7381cf95cf	ISR	1.0	343
SRR39669468	setaria_viridis	pass	pass	49895583	35767157	71.6840145950394	ISR	1.11.4	2e9d8f852d0493b4538da444ecbec23f0156f3723f3a4130a8b663eb7d269a93	5f887f7e5d46539ba197b1b59f1f8f7592ffb0347d89706e08becb7381cf95cf	ISR	1.0	508
SRR39669469	setaria_viridis	pass	pass	56716337	46135666	81.3445797813071	ISR	1.11.4	2e9d8f852d0493b4538da444ecbec23f0156f3723f3a4130a8b663eb7d269a93	5f887f7e5d46539ba197b1b59f1f8f7592ffb0347d89706e08becb7381cf95cf	ISR	1.0	605
SRR39669470	setaria_viridis	pass	pass	56485144	45697178	80.90123307466473	ISR	1.11.4	2e9d8f852d0493b4538da444ecbec23f0156f3723f3a4130a8b663eb7d269a93	5f887f7e5d46539ba197b1b59f1f8f7592ffb0347d89706e08becb7381cf95cf	ISR	1.0	404
SRR39669471	setaria_viridis	pass	pass	59957399	47581957	79.35960831122777	ISR	1.11.4	2e9d8f852d0493b4538da444ecbec23f0156f3723f3a4130a8b663eb7d269a93	5f887f7e5d46539ba197b1b59f1f8f7592ffb0347d89706e08becb7381cf95cf	ISR	1.0	423
SRR39669472	setaria_viridis	pass	pass	55221604	42125773	76.2849499989171	ISR	1.11.4	2e9d8f852d0493b4538da444ecbec23f0156f3723f3a4130a8b663eb7d269a93	5f887f7e5d46539ba197b1b59f1f8f7592ffb0347d89706e08becb7381cf95cf	ISR	1.0	392
SRR39669473	setaria_viridis	pass	pass	49086673	38901086	79.24979148617386	ISR	1.11.4	2e9d8f852d0493b4538da444ecbec23f0156f3723f3a4130a8b663eb7d269a93	5f887f7e5d46539ba197b1b59f1f8f7592ffb0347d89706e08becb7381cf95cf	ISR	1.0	512
SRR39669474	setaria_viridis	pass	pass	58532270	46524457	79.48514041912264	ISR	1.11.4	2e9d8f852d0493b4538da444ecbec23f0156f3723f3a4130a8b663eb7d269a93	5f887f7e5d46539ba197b1b59f1f8f7592ffb0347d89706e08becb7381cf95cf	ISR	1.0	607
SRR39669475	setaria_viridis	pass	pass	54262498	41352747	76.20870495125381	ISR	1.11.4	2e9d8f852d0493b4538da444ecbec23f0156f3723f3a4130a8b663eb7d269a93	5f887f7e5d46539ba197b1b59f1f8f7592ffb0347d89706e08becb7381cf95cf	ISR	1.0	385
SRR39669460	setaria_viridis	pass	pass	57156439	41790905	73.11670518871898	ISR	1.11.4	2e9d8f852d0493b4538da444ecbec23f0156f3723f3a4130a8b663eb7d269a93	5f887f7e5d46539ba197b1b59f1f8f7592ffb0347d89706e08becb7381cf95cf	ISR	1.0	410
SRR39669461	setaria_viridis	pass	pass	50735728	38667458	76.21346834719706	ISR	1.11.4	2e9d8f852d0493b4538da444ecbec23f0156f3723f3a4130a8b663eb7d269a93	5f887f7e5d46539ba197b1b59f1f8f7592ffb0347d89706e08becb7381cf95cf	ISR	1.0	514
SRR39669462	setaria_viridis	pass	pass	45278943	35809396	79.08620128345311	ISR	1.11.4	2e9d8f852d0493b4538da444ecbec23f0156f3723f3a4130a8b663eb7d269a93	5f887f7e5d46539ba197b1b59f1f8f7592ffb0347d89706e08becb7381cf95cf	ISR	1.0	332
SRR39669463	setaria_viridis	pass	pass	50111051	39417964	78.66121985747215	ISR	1.11.4	2e9d8f852d0493b4538da444ecbec23f0156f3723f3a4130a8b663eb7d269a93	5f887f7e5d46539ba197b1b59f1f8f7592ffb0347d89706e08becb7381cf95cf	ISR	1.0	531
SRR39669464	setaria_viridis	pass	pass	49987762	39586287	79.19195702340105	ISR	1.11.4	2e9d8f852d0493b4538da444ecbec23f0156f3723f3a4130a8b663eb7d269a93	5f887f7e5d46539ba197b1b59f1f8f7592ffb0347d89706e08becb7381cf95cf	ISR	1.0	364
SRR39669465	setaria_viridis	pass	pass	51833912	40705987	78.53157407837557	ISR	1.11.4	2e9d8f852d0493b4538da444ecbec23f0156f3723f3a4130a8b663eb7d269a93	5f887f7e5d46539ba197b1b59f1f8f7592ffb0347d89706e08becb7381cf95cf	ISR	1.0	374
SRR39669466	setaria_viridis	pass	warning	52616216	35993109	68.40687479312462	ISR	1.11.4	2e9d8f852d0493b4538da444ecbec23f0156f3723f3a4130a8b663eb7d269a93	5f887f7e5d46539ba197b1b59f1f8f7592ffb0347d89706e08becb7381cf95cf	ISR	1.0	526
SRR39669467	setaria_viridis	pass	warning	47976392	30629460	63.84277500483988	ISR	1.11.4	2e9d8f852d0493b4538da444ecbec23f0156f3723f3a4130a8b663eb7d269a93	5f887f7e5d46539ba197b1b59f1f8f7592ffb0347d89706e08becb7381cf95cf	ISR	1.0	345
