Estudo n.,Bioproject,SRA,Species,Name,Tissue,Condition,Seq. Platform,Layout,Abstract
1,PRJNA1249400,SRR33083344,Triticum aestivum,GSM8904978,Leaf,Alana_elevated-CO2+drought_biol_rep1,NovaSeq 6000,Paired,"Climate change is anticipated to exacerbate environmental stressors such as drought, elevated temperatures, and increased CO2 levels, posing a significant threat to crop productivity. We investigated the morpho-physiological acclimation and transcriptional responses of hexaploid wheat (Triticum aestivum L.) under both single and combined stress conditions. Wheat plants were subjected to drought (D), elevated temperature (eT), and elevated CO2 (eC) individually, as well as in double (eT+D, eC+D, eC+eT) and triple (eC+eT+D) stress combinations. Our findings reveal that the eT+D combination resulted in the most severe reductions in growth and yield, while elevated CO2 cccccpartially mitigated these effects by enhancing biomass production and water-use efficiency. Transcriptomic analyses identified key regulatory networks, including specific protein-coding genes, transcription factor (TF) families, and potential marker genes associated with stress adaptation. Overall, this study provides new insights into the complex genetic and physiological mechanisms underlying wheat resilience to multifactorial environmental stress. These findings highlight valuable molecular targets for breeding strategies aimed at improving wheat tolerance to climate change-induced stress conditions Overall design: RNAseq data from winter bread wheat Alana. Plants were grown under different regimes: D - drought, T - elevated temperature (up to 31°C), C - elevated CO2 concentration (700 ppm) and their mutual combinations: C+T, T+D, C+D, C+T+D. Samples were collected from the 3rd and 4th leaf on the main tiller at the stage GS61."
1,PRJNA1249400,SRR33083345,Triticum aestivum,GSM8904979,Leaf,Alana_elevated-CO2+drought_biol_rep2,NovaSeq 6000,Paired,
1,PRJNA1249400,SRR33083338,Triticum aestivum,GSM8904980,Leaf,Alana_elevated-CO2+drought_biol_rep3,NovaSeq 6000,Paired,
1,PRJNA1249400,SRR33083351,Triticum aestivum,GSM8904972,Leaf,Alana_elevated-CO2_biol_rep1,NovaSeq 6000,Paired,
1,PRJNA1249400,SRR33083339,Triticum aestivum,GSM8904973,Leaf,Alana_elevated-CO2_biol_rep2,NovaSeq 6000,Paired,
1,PRJNA1249400,SRR33083340,Triticum aestivum,GSM8904974,Leaf,Alana_elevated-CO2_biol_rep3,NovaSeq 6000,Paired,
1,PRJNA1249400,SRR33083352,Triticum aestivum,GSM8904966,Leaf,Alana_drought_biol_rep1,NovaSeq 6000,Paired,
1,PRJNA1249400,SRR33083346,Triticum aestivum,GSM8904967,Leaf,Alana_drought_biol_rep2,NovaSeq 6000,Paired,
1,PRJNA1249400,SRR33083347,Triticum aestivum,GSM8904968,Leaf,Alana_drought_biol_rep3,NovaSeq 6000,Paired,
1,PRJNA1249400,SRR33083355,Triticum aestivum,GSM8904963,Leaf,Alana_control_biol_rep1,NovaSeq 6000,Paired,
1,PRJNA1249400,SRR33083354,Triticum aestivum,GSM8904964,Leaf,Alana_control_biol_rep2,NovaSeq 6000,Paired,
1,PRJNA1249400,SRR33083353,Triticum aestivum,GSM8904965,Leaf,Alana_control_biol_rep3,NovaSeq 6000,Paired,
2,PRJNA1033144,SRR26553585,Glycine max,EC-D-1,,Elevated CO2 concentration + Drought stress 1,NovaSeq 6000,Paired,Elevating CO2 in soybeans under drought conditions and analyzing its metabolic changes at the transcriptional level
2,PRJNA1033144,SRR26553586,Glycine max,EC-C-3,,Elevated CO2 concentration + Controlled water treatment 3,NovaSeq 6000,Paired,
2,PRJNA1033144,SRR26553587,Glycine max,EC-C-2,,Elevated CO2 concentration + Controlled water treatment 2,NovaSeq 6000,Paired,
2,PRJNA1033144,SRR26553588,Glycine max,EC-C-1,,Elevated CO2 concentration + Controlled water treatment 1,NovaSeq 6000,Paired,
2,PRJNA1033144,SRR26553594,Glycine max,EC-D-2,,Elevated CO2 concentration + Drought stress 2,NovaSeq 6000,Paired,
2,PRJNA1033144,SRR26553593,Glycine max,EC-D-3,,Elevated CO2 concentration + Drought stress 3,NovaSeq 6000,Paired,
3,PRJNA793265,SRR17385284,Triticum aestivum,eC_R1,Leaf,Elevated CO2. Rep1,NovaSeq 6000,Paired,"Global climate change poses a remarkable threat to agriculture and food security. This is a serious concern, because such changes may affect food availability for the growing world population. Therefore, we aim to address this question by establishing a strong backbone of gene expression datasets in the frame of the proposed project. Our objective was to grow wheat crops under a predicted environment and to examine and understand the transcriptional response. Our research applies various novel approaches and high throughput climate simulation and advanced phonemics approach aimed to assess the impact of future climate on wheat. It is expected that it will enhance our understanding of the adaptive response of this economically important crop under future climate."
3,PRJNA793265,SRR17385295,Triticum aestivum,eC+D_R3,Leaf,Elevated CO2 and drought Rep3,NovaSeq 6000,Paired,
3,PRJNA793265,SRR17385296,Triticum aestivum,eC+D_R2,Leaf,Elevated CO2 and drought Rep2,NovaSeq 6000,Paired,
3,PRJNA793265,SRR17385300,Triticum aestivum,eC+D_R1,Leaf,Elevated CO2 and drought Rep1,NovaSeq 6000,Paired,
3,PRJNA793265,SRR17385302,Triticum aestivum,eC_R2,Leaf,Elevated CO2. Rep2,NovaSeq 6000,Paired,
3,PRJNA793265,SRR17385301,Triticum aestivum,eC_R3,Leaf,Elevated CO2. Rep3,NovaSeq 6000,Paired,
4,PRJNA295411,SRR2545903,Glycine max,E[CO2]-T50_2,Root,"Elevated CO2, air-drying 50min, rep2",Illumina HiSeq 2000,Paired,We evaluated the Individual and combinatory effect of elevated [CO2] and drought on root molecular responses in soybean.
4,PRJNA295411,SRR2545902,Glycine max,E[CO2]-T50_1,Root,"Elevated CO2, air-drying 50min, rep1",Illumina HiSeq 2000,Paired,
4,PRJNA295411,SRR2545899,Glycine max,E[CO2]-T0_2,Root,"Elevated CO2, well-watered, rep2",Illumina HiSeq 2000,Paired,
4,PRJNA295411,SRR2545898,Glycine max,E[CO2]-T0_1,Root,"Elevated CO2, well-watered, rep1",Illumina HiSeq 2000,Paired,
4,PRJNA295411,SRR2545901,Glycine max,A[CO2]-T50_2,Root,"Ambient CO2, air-drying 50min, rep2",Illumina HiSeq 2000,Paired,
4,PRJNA295411,SRR2545900,Glycine max,A[CO2]-T50_1,Root,"Ambient CO2, air-drying 50min, rep1",Illumina HiSeq 2000,Paired,
4,PRJNA295411,SRR2545897,Glycine max,A[CO2]-T0_2,Root,"Ambient CO2, well-watered, rep2",Illumina HiSeq 2000,Paired,
4,PRJNA295411,SRR2545896,Glycine max,A[CO2]-T0_1,Root,"Ambient CO2, well-watered, rep1",Illumina HiSeq 2000,Paired,
5,PRJNA742236,SRR14935707,Sorghum bicolor,CO2E_1,Green prop roots,"Elevated CO2, drought, rep1",Illumina HiSeq 2500,Paired,"Elevated CO2 (E[CO2]) improves the biomass and yield when combined with water-stress in C4 plants. Although several studies described the molecular response of the C4 plant Sorghum bicolor during drought exposure, none reported its combinatorial effect with E[CO2] in the roots. We decided to perform a molecular analysis using green prop roots, the portion of the radicular system photosynthetically active and more sensible to drought. Whole-transcriptome analysis identified 394 up- and 1,471 down-regulated genes. Among the E[CO2] induced pathways, photosynthesis stood out. Carbon fixation, phenylpropanoid, phenolic compounds, and fatty acid biosynthesis-related pathways were repressed. Protein family analysis showed induction of chlorophyll a-b binding protein family, and repression of glutathione-related enzymes. Protein-protein interaction networks exhibited well-defined clusters, including genes related to cell organization and biogenesis, oxireduction process, and photosynthesis being induced. The findings suggest that the E[CO2] mitigates the water deficit by antioxidant and osmoregulation activity, as well as by accumulation of sugaralcohols in the green prop roots, which may be responsible by the increase in biomass together with the cell proliferation. The higher carbon uptake explains the increase in photosynthetic and primary metabolism activities. Our data revealed that green prop roots present an intriguing metabolism under water deficit and E[CO2], showing its crucial role in the drought tolerance acquisition in a predicted future global atmosphere. Overall design: Sorghum bicolor plants under elevated CO2 and drought stress versus plants under normal concentration of CO2 and drought stress."
5,PRJNA742236,SRR14935708,Sorghum bicolor,CO2E_2,Green prop roots,"Elevated CO2, drought, rep2",Illumina HiSeq 2500,Paired,
5,PRJNA742236,SRR14935709,Sorghum bicolor,CO2E_3,Green prop roots,"Elevated CO2, drought, rep3",Illumina HiSeq 2500,Paired,
5,PRJNA742236,SRR14935710,Sorghum bicolor,CO2E_4,Green prop roots,"Elevated CO2, drought, rep4",Illumina HiSeq 2500,Paired,
5,PRJNA742236,SRR14935703,Sorghum bicolor,CO2A_1,Green prop roots,"Ambient CO2, drought, rep1",Illumina HiSeq 2500,Paired,
5,PRJNA742236,SRR14935704,Sorghum bicolor,CO2A_2,Green prop roots,"Ambient CO2, drought, rep2",Illumina HiSeq 2500,Paired,
5,PRJNA742236,SRR14935705,Sorghum bicolor,CO2A_3,Green prop roots,"Ambient CO2, drought, rep3",Illumina HiSeq 2500,Paired,
5,PRJNA742236,SRR14935706,Sorghum bicolor,CO2A_4,Green prop roots,"Ambient CO2, drought, rep4",Illumina HiSeq 2500,Paired,
6,PRJNA1496374,SRR39669458,Setaria viridis,Rz_CO2A_CT_1_1,Root,"ambient CO2, control well-watered, biological replicate 1",Illumina HiSeq 4000,Paired,"Plants were grown in the open-top chambers (OTCs) under two distinct CO concentrations: ambient CO (A[CO], around 400 ppm) and elevated CO (E[CO], 800 ppm). Water-deficit treatments were initiated approximately 20 days after inflorescence emergence, when plants had reached the reproductive grain-filling stage, around 45 DAG. One microgram of total RNA per biological replicate (pooled from five plants, three replicates per treatment) was used to synthesize paired-end (2100 bp) second-strand libraries with the NEBNext Ultra Directional RNA Library Prep Kit for Illumina (New England Biolabs). The 18 resulting libraries were sequenced on an Illumina HiSeq 4000 platform."
6,PRJNA1496374,SRR39669459,Setaria viridis,Rz_CO2A_CT_4_1,Root,"ambient CO2, control well-watered, biological replicate 2",Illumina HiSeq 4000,Paired,
6,PRJNA1496374,SRR39669468,Setaria viridis,Rz_CO2A_CT_5_1,Root,"ambient CO2, control well-watered, biological replicate 3",Illumina HiSeq 4000,Paired,
6,PRJNA1496374,SRR39669469,Setaria viridis,Rz_CO2A_C1_2_3,Root,"ambient CO2, dehydration cycle 1, biological replicate 1",Illumina HiSeq 4000,Paired,
6,PRJNA1496374,SRR39669470,Setaria viridis,Rz_CO2A_C1_3_2,Root,"ambient CO2, dehydration cycle 1, biological replicate 2",Illumina HiSeq 4000,Paired,
6,PRJNA1496374,SRR39669471,Setaria viridis,Rz_CO2A_C1_4_2,Root,"ambient CO2, dehydration cycle 1, biological replicate 3",Illumina HiSeq 4000,Paired,
6,PRJNA1496374,SRR39669472,Setaria viridis,Rz_CO2A_C3_1_1,Root,"ambient CO2, dehydration cycle 3, biological replicate 1",Illumina HiSeq 4000,Paired,
6,PRJNA1496374,SRR39669473,Setaria viridis,Rz_CO2A_C3_2_1,Root,"ambient CO2, dehydration cycle 3, biological replicate 2",Illumina HiSeq 4000,Paired,
6,PRJNA1496374,SRR39669474,Setaria viridis,Rz_CO2A_C3_3_1,Root,"ambient CO2, dehydration cycle 3, biological replicate 3",Illumina HiSeq 4000,Paired,
6,PRJNA1496374,SRR39669475,Setaria viridis,Rz_CO2E_CT_2_1,Root,"elevated CO2, control well-watered, biological replicate 1",Illumina HiSeq 4000,Paired,
6,PRJNA1496374,SRR39669460,Setaria viridis,Rz_CO2E_CT_4_1,Root,"elevated CO2, control well-watered, biological replicate 2",Illumina HiSeq 4000,Paired,
6,PRJNA1496374,SRR39669461,Setaria viridis,Rz_CO2E_CT_5_1,Root,"elevated CO2, control well-watered, biological replicate 3",Illumina HiSeq 4000,Paired,
6,PRJNA1496374,SRR39669462,Setaria viridis,Rz_CO2E_C1_3_2,Root,"elevated CO2, dehydration cycle 1, biological replicate 1",Illumina HiSeq 4000,Paired,
6,PRJNA1496374,SRR39669463,Setaria viridis,Rz_CO2E_C1_5_2,Root,"elevated CO2, dehydration cycle 1, biological replicate 2",Illumina HiSeq 4000,Paired,
6,PRJNA1496374,SRR39669464,Setaria viridis,Rz_CO2E_C1_6_1,Root,"elevated CO2, dehydration cycle 1, biological replicate 3",Illumina HiSeq 4000,Paired,
6,PRJNA1496374,SRR39669465,Setaria viridis,Rz_CO2E_C3_1_3,Root,"elevated CO2, dehydration cycle 3, biological replicate 1",Illumina HiSeq 4000,Paired,
6,PRJNA1496374,SRR39669466,Setaria viridis,Rz_CO2E_C3_3_1,Root,"elevated CO2, dehydration cycle 3, biological replicate 2",Illumina HiSeq 4000,Paired,
6,PRJNA1496374,SRR39669467,Setaria viridis,Rz_CO2E_C3_4_1,Root,"elevated CO2, dehydration cycle 3, biological replicate 3",Illumina HiSeq 4000,Paired,